,firstname,lastname
300000,Aimil,Hoban
300001,Max,Teryn
300002,Aili,Taima
300003,Talya,Pettiford
300004,Inga,Hortensia
300005,Dulce,Cohdwell
300006,Annice,Berriman
300007,Ottilie,Manolo
300008,Bettine,Parsaye
300009,Tani,Lutero
300010,Elsie,Demitria
300011,Aimil,Audly
300012,Marsiella,Alexandr
300013,Leontine,Judye
300014,Cissiee,Wiener
300015,Berta,Argus
300016,Karly,Berriman
300017,Oralee,Meli
300018,Fawne,McLaughlin
300019,Pamella,Hachmin
300020,Arlena,Aprile
300021,Lynea,Bluh
300022,Yvonne,Maryanne
300023,Brana,Pozzy
300024,Ronna,Orpah
300025,Chastity,Lissi
300026,Carilyn,Judye
300027,Gale,Koehler
300028,Concettina,Aaberg
300029,Eadie,Thema
300030,Leontine,Marsden
300031,Devina,Rillings
300032,Daphne,Natalia
300033,Dennie,Erich
300034,Benita,Erskine
300035,Mildrid,Barney
300036,Tami,Abernon
300037,Rhea,Reidar
300038,Tonia,Swanhildas
300039,Rosanne,Bendick
300040,Layla,Salvidor
300041,Claresta,Egbert
300042,Annora,Milson
300043,Sibella,Danby
300044,Ana,Ephrem
300045,Ileana,Gower
300046,Sybille,Fry
300047,Lonnie,Duwalt
300048,Beatriz,Lynn
300049,Darci,Pulsifer
300050,Winny,Grimbly
300051,Merci,Guthrie
300052,Genovera,Hoban
300053,Teriann,Ursulette
300054,Angelique,Aaberg
300055,Noelle,Kathie
300056,Yetty,Ade
300057,Jacquetta,Kronfeld
300058,Rivalee,Hartnett
300059,Joy,Magnolia
300060,Jillayne,Philoo
300061,Gale,Orpah
300062,Cassandra,Francene
300063,Fawne,Hoenack
300064,Teriann,Ursulette
300065,Cristabel,Greenwald
300066,Joceline,Han
300067,Anthia,Dalli
300068,Nananne,Kosey
300069,Roseline,Tryck
300070,Carmencita,Revkah
300071,Wynne,Fiester
300072,Valeda,Fitzsimmons
300073,Tersina,Vernier
300074,Angela,Waite
300075,Karina,Cavan
300076,Charlena,Idelia
300077,Nerta,Mintz
300078,Gianina,Delp
300079,Chickie,Wandie
300080,Meriel,Callista
300081,Lolita,Ade
300082,Gretal,Buttaro
300083,Lorenza,Mitzi
300084,Emma,Tayib
300085,Gianina,Ilka
300086,Blake,Dyche
300087,Lorne,Francene
300088,Rani,Wadell
300089,Dode,Francyne
300090,Larine,Jillane
300091,Elfreda,Ehrman
300092,Amelia,Callista
300093,Caressa,Odell
300094,Cassondra,Millda
300095,Adriana,Yusuk
300096,Alex,Zrike
300097,Aimil,Whittaker
300098,Cherilyn,Oriana
300099,Shel,Ovid
